"account_id","industry","country","plan_tier","seats","is_trial","total_tickets","avg_sat_score","avg_resolution_hours","total_usage_events","beta_usage_events","avg_usage_duration","churn_flag"
"A-87aa7b","HealthTech","US","Pro",24,True,"3","3.0","27.3333333333333333","742","57","2924.2361111111111111",False
"A-81edc3","Cybersecurity","IN","Basic",5,False,"3","4.0000000000000000","52.6666666666666667","765","112","3311.8918918918918919",False
"A-eb7c38","DevTools","AU","Enterprise",5,False,"5","4.3333333333333333","22.4000000000000000","693","59","2913.5142857142857143",False
"A-970c97","HealthTech","DE","Enterprise",14,False,"1","5.0000000000000000","61.0000000000000000","444","20","3039.3636363636363636",False
"A-354f12","FinTech","US","Pro",1,True,"2","3.0","56.5000000000000000","158","10","3234.0000000000000000",False
"A-1b707d","Cybersecurity","US","Enterprise",1,False,"3","3.0","42.6666666666666667","399","29","2906.7368421052631579",False
"A-7c5768","HealthTech","UK","Enterprise",3,False,"5","4.0000000000000000","28.8000000000000000","461","49","3092.9565217391304348",False
"A-adc1f3","Cybersecurity","US","Pro",2,False,"3","3.5000000000000000","47.3333333333333333","334","48","3337.0277777777777778",False
"A-781cc0","EdTech","US","Pro",12,False,"4","3.6666666666666667","57.5000000000000000","864","69","3103.5402298850574713",False
"A-5f2961","HealthTech","US","Basic",4,False,"1","3.0","53.0000000000000000","348","22","2861.7500000000000000",False
"A-fa2041","HealthTech","US","Pro",15,True,"1","3.0000000000000000","16.0000000000000000","552","55","2578.0819672131147541",False
"A-94c3cd","FinTech","CA","Enterprise",32,False,"4","3.5000000000000000","44.7500000000000000","306","32","3361.1935483870967742",False
"A-5f7781","DevTools","US","Pro",22,False,"2","4.0000000000000000","28.5000000000000000","183","29","3861.3888888888888889",False
"A-692f18","EdTech","US","Basic",5,True,"2","5.0000000000000000","37.5000000000000000","871","100","3010.4712643678160920",True
"A-09316c","FinTech","AU","Enterprise",70,False,"4","3.7500000000000000","54.7500000000000000","566","50","2767.7962962962962963",False
"A-098560","DevTools","UK","Enterprise",1,False,"2","3.0000000000000000","28.0000000000000000","567","89","3169.1272727272727273",True
"A-6e7827","DevTools","US","Basic",1,False,"2","3.5000000000000000","51.0000000000000000","419","26","3007.4878048780487805",False
"A-659280","FinTech","IN","Enterprise",13,True,"4","4.3333333333333333","8.0000000000000000","613","60","3102.0333333333333333",True
"A-3ce5b8","FinTech","IN","Basic",8,False,"10","3.7142857142857143","42.5000000000000000","509","43","2956.0400000000000000",True
"A-0354fe","Cybersecurity","US","Basic",34,False,"4","4.0000000000000000","20.0000000000000000","463","35","3387.4444444444444444",False
"A-e19ff6","Cybersecurity","UK","Enterprise",1,False,"3","4.6666666666666667","30.6666666666666667","456","10","3218.7555555555555556",False
"A-439b2f","DevTools","US","Enterprise",1,False,"3","3.0","18.3333333333333333","171","17","2713.5500000000000000",True
"A-117171","HealthTech","FR","Basic",45,False,"6","3.6666666666666667","32.5000000000000000","208","7","2850.6666666666666667",True
"A-bcbe98","Cybersecurity","US","Enterprise",46,False,"7","4.0000000000000000","38.2857142857142857","635","122","2671.0615384615384615",False
"A-bd4513","DevTools","AU","Enterprise",50,True,"3","4.6666666666666667","42.0000000000000000","507","39","3089.1568627450980392",False
"A-10b8da","DevTools","US","Enterprise",14,False,"3","3.5000000000000000","31.3333333333333333","257","16","2734.0000000000000000",True
"A-0158bb","FinTech","DE","Basic",5,False,"1","3.0000000000000000","32.0000000000000000","364","30","3390.3055555555555556",False
"A-6a7c9d","Cybersecurity","US","Enterprise",26,False,"3","4.0000000000000000","34.3333333333333333","189","10","3421.3684210526315789",True
"A-d3c88e","DevTools","US","Pro",16,False,"3","4.0000000000000000","58.0000000000000000","644","114","3195.0468750000000000",False
"A-ee42db","EdTech","DE","Enterprise",13,False,"4","3.0000000000000000","33.7500000000000000","511","44","2794.0000000000000000",False
"A-31ab9a","FinTech","DE","Pro",3,False,"7","3.5000000000000000","43.1428571428571429","340","44","3821.0882352941176471",False
"A-32fb14","DevTools","US","Enterprise",26,False,"5","4.5000000000000000","34.0000000000000000","488","29","3206.5531914893617021",True
"A-cb6cc6","DevTools","US","Basic",13,True,"3","3.5000000000000000","16.3333333333333333","314","0","2906.2571428571428571",False
"A-00bed1","Cybersecurity","US","Basic",28,True,"4","4.0000000000000000","31.7500000000000000","514","24","2818.3137254901960784",False
"A-b07346","HealthTech","US","Pro",51,False,"3","3.5000000000000000","42.3333333333333333","326","35","3240.6969696969696970",True
"A-c608c8","DevTools","DE","Pro",3,False,"2","3.0000000000000000","59.0000000000000000","445","54","3356.8604651162790698",True
"A-118f1c","Cybersecurity","US","Pro",32,False,"1","3.0000000000000000","64.0000000000000000","369","19","2547.7894736842105263",False
"A-9affe6","Cybersecurity","US","Pro",7,False,"3","3.0000000000000000","58.0000000000000000","473","29","3081.9787234042553191",False
"A-d49cc5","Cybersecurity","FR","Basic",50,False,"4","4.5000000000000000","32.0000000000000000","436","55","3486.1707317073170732",False
"A-c7e58b","HealthTech","IN","Pro",3,False,"5","3.5000000000000000","30.6000000000000000","343","13","3113.3235294117647059",False
"A-e61e98","FinTech","US","Enterprise",19,False,"6","4.6000000000000000","30.3333333333333333","527","53","2357.0357142857142857",True
"A-ce550d","HealthTech","US","Enterprise",35,False,"7","3.8000000000000000","42.2857142857142857","579","48","3720.3275862068965517",True
"A-c7ffc2","Cybersecurity","US","Pro",30,True,"2","3.0000000000000000","64.0000000000000000","640","74","3241.2419354838709677",False
"A-92a3af","Cybersecurity","IN","Enterprise",25,False,"4","4.0000000000000000","57.5000000000000000","714","77","3256.5522388059701493",False
"A-96e141","DevTools","UK","Basic",14,False,"5","4.3333333333333333","32.8000000000000000","346","20","2266.3055555555555556",False
"A-f44180","Cybersecurity","UK","Pro",9,False,"2","5.0000000000000000","46.5000000000000000","520","85","3156.1730769230769231",False
"A-7f8241","EdTech","US","Pro",34,False,"1","3.0000000000000000","36.0000000000000000","734","48","2950.4675324675324675",True
"A-3f9cc0","HealthTech","US","Basic",22,False,"5","4.5000000000000000","34.8000000000000000","407","0","2960.0238095238095238",False
"A-a1b80b","HealthTech","US","Basic",16,False,"4","4.0000000000000000","41.0000000000000000","749","52","3091.8055555555555556",False
"A-1ac5e0","DevTools","US","Basic",33,False,"7","3.8000000000000000","40.4285714285714286","558","76","2998.2857142857142857",True
"A-18793f","EdTech","US","Basic",148,True,"5","3.8000000000000000","45.2000000000000000","486","33","3506.4583333333333333",False
"A-7f6b86","HealthTech","US","Basic",45,True,"7","3.6666666666666667","40.4285714285714286","420","25","3518.2682926829268293",True
"A-cc98bc","DevTools","US","Basic",32,False,"3","4.0000000000000000","4.6666666666666667","551","32","3027.7358490566037736",False
"A-78f02b","HealthTech","US","Enterprise",11,False,"4","4.0000000000000000","45.7500000000000000","211","34","3117.4500000000000000",False
"A-e40f45","HealthTech","US","Pro",21,False,"7","4.3333333333333333","26.7142857142857143","401","52","2732.3111111111111111",False
"A-a865bd","Cybersecurity","US","Pro",38,False,"2","3.0000000000000000","31.5000000000000000","230","32","2505.0000000000000000",False
"A-d42431","FinTech","FR","Enterprise",22,True,"4","4.0000000000000000","24.2500000000000000","457","68","2848.1702127659574468",False
"A-ce66f8","EdTech","CA","Pro",29,False,"6","3.5000000000000000","41.6666666666666667","494","67","2903.4565217391304348",False
"A-4ae22a","EdTech","US","Pro",6,False,"3","3.0000000000000000","14.3333333333333333","369","66","4068.2000000000000000",True
"A-72799b","DevTools","FR","Enterprise",20,False,"2","4.5000000000000000","33.5000000000000000","550","106","2767.8214285714285714",True
"A-fb186e","EdTech","IN","Basic",29,False,"6","3.6666666666666667","26.1666666666666667","207","33","3608.5000000000000000",False
"A-3b5cd1","FinTech","US","Basic",13,True,"5","4.0000000000000000","27.4000000000000000","523","54","3422.2692307692307692",False
"A-34d880","Cybersecurity","AU","Enterprise",4,False,"5","3.0000000000000000","52.2000000000000000","474","26","3072.8510638297872340",False
"A-af0cd2","Cybersecurity","IN","Enterprise",19,True,"3","3.0","54.3333333333333333","687","86","3219.5142857142857143",False
"A-8b25f2","Cybersecurity","US","Pro",6,False,"2","4.0000000000000000","35.5000000000000000","565","62","2951.7407407407407407",True
"A-d77f4c","DevTools","US","Pro",4,True,"2","4.0000000000000000","31.0000000000000000","617","48","2936.2258064516129032",False
"A-7e0a10","FinTech","US","Enterprise",46,False,"5","4.0000000000000000","39.4000000000000000","511","67","3463.2400000000000000",False
"A-e08cd3","FinTech","US","Pro",67,True,"8","4.0000000000000000","30.3750000000000000","432","61","3210.7906976744186047",False
"A-2922b6","HealthTech","US","Basic",15,False,"2","4.0000000000000000","15.5000000000000000","393","20","3168.5675675675675676",False
"A-02fac6","FinTech","US","Pro",22,False,"6","4.0000000000000000","23.3333333333333333","514","39","3204.7924528301886792",False
"A-ccabf0","HealthTech","IN","Pro",1,False,"4","3.6666666666666667","46.2500000000000000","506","95","3381.7600000000000000",False
"A-c37cab","Cybersecurity","UK","Pro",13,False,"4","3.7500000000000000","33.0000000000000000","708","158","2904.4142857142857143",False
"A-bf7919","HealthTech","US","Pro",3,False,"2","5.0000000000000000","14.5000000000000000","262","54","2979.1538461538461538",False
"A-f3ff05","FinTech","IN","Enterprise",2,False,"3","3.5000000000000000","42.6666666666666667","672","39","3186.7727272727272727",False
"A-19b2c8","DevTools","IN","Pro",20,False,"3","4.6666666666666667","29.3333333333333333","601","41","2990.4920634920634921",False
"A-956988","EdTech","UK","Enterprise",1,False,"2","3.0000000000000000","50.5000000000000000","658","67","2474.7428571428571429",False
"A-425e76","DevTools","UK","Enterprise",8,False,"5","3.3333333333333333","48.2000000000000000","438","42","2842.0625000000000000",True
"A-53f4e3","Cybersecurity","UK","Enterprise",13,False,"5","4.0000000000000000","28.6000000000000000","410","10","2898.3863636363636364",False
"A-fe79a5","HealthTech","IN","Basic",9,True,"4","5.0000000000000000","28.5000000000000000","335","12","2929.4545454545454545",False
"A-798a3f","DevTools","FR","Enterprise",12,False,"5","4.0000000000000000","33.0000000000000000","352","22","2841.7837837837837838",True
"A-e888d1","Cybersecurity","US","Pro",14,False,"5","4.0000000000000000","43.0000000000000000","552","56","3040.1346153846153846",False
"A-526d93","HealthTech","FR","Basic",43,False,"5","3.5000000000000000","51.4000000000000000","565","55","2843.0892857142857143",False
"A-f9cc74","DevTools","FR","Enterprise",30,True,"6","4.0000000000000000","49.8333333333333333","484","68","2616.5200000000000000",False
"A-67be94","EdTech","US","Enterprise",26,False,"5","4.0000000000000000","38.6000000000000000","416","34","3028.5000000000000000",False
"A-b78bf8","DevTools","US","Pro",33,False,"5","4.2000000000000000","24.2000000000000000","421","70","2947.6666666666666667",False
"A-dcc3f1","HealthTech","US","Pro",21,False,"9","3.8000000000000000","35.6666666666666667","500","49","2874.1250000000000000",False
"A-3a5ad8","HealthTech","US","Enterprise",9,True,"4","4.5000000000000000","44.7500000000000000","506","82","2459.1923076923076923",False
"A-7cfe77","DevTools","US","Pro",69,False,"7","3.5000000000000000","30.7142857142857143","205","10","3030.6315789473684211",False
"A-0f7d77","FinTech","IN","Pro",3,False,"5","5.0000000000000000","27.2000000000000000","298","7","3131.1000000000000000",False
"A-09540c","Cybersecurity","CA","Basic",67,True,"2","4.5000000000000000","28.0000000000000000","297","28","3382.0000000000000000",False
"A-b44e3e","Cybersecurity","UK","Basic",40,False,"3","4.3333333333333333","40.0000000000000000","387","36","3024.0263157894736842",False
"A-0a62f5","FinTech","UK","Pro",16,False,"2","3.0","33.5000000000000000","244","17","2995.6000000000000000",False
"A-34ea2f","HealthTech","US","Enterprise",8,False,"8","3.8000000000000000","35.2500000000000000","550","33","3072.9298245614035088",True
"A-e5d6ab","EdTech","US","Pro",3,False,"3","3.0","42.6666666666666667","382","48","2719.6585365853658537",False
"A-5c046d","EdTech","FR","Basic",93,False,"1","3.0000000000000000","13.0000000000000000","475","43","2781.0000000000000000",False
"A-1f7acb","FinTech","UK","Basic",64,True,"7","4.4000000000000000","41.7142857142857143","510","79","3095.6226415094339623",False
"A-854864","FinTech","IN","Enterprise",20,False,"5","4.8000000000000000","44.2000000000000000","248","38","3063.2083333333333333",False
"A-69b156","EdTech","US","Pro",7,False,"7","4.0000000000000000","32.0000000000000000","360","17","2846.7500000000000000",True
"A-726cfa","DevTools","US","Pro",11,False,"3","4.0000000000000000","35.6666666666666667","993","179","2877.4081632653061224",False
"A-3932db","HealthTech","CA","Pro",19,True,"6","4.3333333333333333","41.0000000000000000","434","40","2933.9782608695652174",True
"A-08e34e","EdTech","US","Basic",14,False,"3","3.0000000000000000","43.0000000000000000","651","71","2967.1269841269841270",True
"A-756192","FinTech","IN","Basic",19,False,"3","4.0000000000000000","37.3333333333333333","617","30","2868.5156250000000000",False
"A-f25509","EdTech","US","Enterprise",32,False,"6","4.6666666666666667","42.6666666666666667","229","33","3200.1304347826086957",False
"A-f45426","HealthTech","US","Basic",9,False,"3","4.0000000000000000","17.0000000000000000","624","46","3141.8196721311475410",False
"A-17939a","HealthTech","US","Basic",1,False,"7","4.5000000000000000","38.0000000000000000","440","47","2589.8936170212765957",False
"A-342303","EdTech","US","Pro",1,True,"3","4.5000000000000000","29.3333333333333333","141","7","1543.2666666666666667",False
"A-e89151","FinTech","UK","Pro",8,True,"2","5.0000000000000000","41.5000000000000000","601","136","3254.9310344827586207",True
"A-4e0e85","DevTools","US","Enterprise",6,False,"2","5.0000000000000000","53.0000000000000000","288","19","2594.1612903225806452",False
"A-149a69","DevTools","US","Basic",34,False,"8","4.2000000000000000","33.8750000000000000","208","6","3327.4444444444444444",False
"A-5b1bcd","DevTools","US","Pro",73,False,"4","4.5000000000000000","43.2500000000000000","869","53","2921.9069767441860465",False
"A-1986ca","HealthTech","IN","Pro",20,False,"7","3.4000000000000000","36.5714285714285714","362","49","2767.0810810810810811",False
"A-7c4956","DevTools","US","Enterprise",5,False,"3","4.0000000000000000","13.6666666666666667","475","49","2882.3777777777777778",True
"A-158f4e","FinTech","IN","Enterprise",61,False,"5","4.3333333333333333","27.6000000000000000","453","27","2539.9591836734693878",False
"A-2b9d3e","EdTech","US","Enterprise",1,False,"3","5.0000000000000000","34.6666666666666667","444","45","3168.6444444444444444",False
"A-9badbd","Cybersecurity","DE","Enterprise",5,True,"5","5.0000000000000000","30.2000000000000000","729","66","3148.3142857142857143",False
"A-de58ca","HealthTech","DE","Enterprise",15,False,"5","3.3333333333333333","30.6000000000000000","505","61","2896.7755102040816327",False
"A-8ed5dd","EdTech","UK","Enterprise",5,False,"6","3.7500000000000000","29.0000000000000000","545","12","3149.4000000000000000",True
"A-0dbdc6","Cybersecurity","DE","Pro",30,False,"4","5.0000000000000000","47.0000000000000000","512","62","2982.8269230769230769",True
"A-86cdb4","DevTools","DE","Basic",2,False,"5","4.3333333333333333","26.4000000000000000","492","63","3412.7755102040816327",False
"A-c70870","Cybersecurity","US","Basic",31,False,"5","4.0000000000000000","35.6000000000000000","334","44","3127.5882352941176471",False
"A-51ec1b","DevTools","US","Enterprise",7,False,"3","5.0000000000000000","52.3333333333333333","283","30","3970.0714285714285714",False
"A-034368","EdTech","US","Enterprise",19,False,"5","4.0000000000000000","41.2000000000000000","265","30","2872.2500000000000000",False
"A-7c6b6b","FinTech","US","Basic",6,False,"5","4.3333333333333333","52.2000000000000000","311","39","2356.3142857142857143",False
"A-bad8c1","FinTech","AU","Basic",7,False,"1","4.0000000000000000","27.0000000000000000","385","64","3396.6216216216216216",False
"A-104f1a","Cybersecurity","US","Pro",24,False,"5","3.7500000000000000","33.2000000000000000","438","23","3567.0227272727272727",False
"A-c1e51e","FinTech","US","Basic",3,False,"5","3.2000000000000000","40.0000000000000000","518","81","3044.5600000000000000",False
"A-4e960a","FinTech","US","Enterprise",12,True,"6","4.0000000000000000","29.1666666666666667","512","55","3141.6938775510204082",True
"A-9f9299","FinTech","US","Enterprise",28,True,"5","5.0000000000000000","36.2000000000000000","830","107","3040.7647058823529412",False
"A-0532a9","FinTech","IN","Pro",19,False,"8","3.0000000000000000","30.7500000000000000","519","70","2922.0740740740740741",False
"A-bb2f49","Cybersecurity","US","Pro",8,False,"3","4.0000000000000000","22.3333333333333333","618","22","3167.8333333333333333",False
"A-a8b49c","Cybersecurity","UK","Basic",7,False,"1","4.0000000000000000","72.0000000000000000","545","15","3396.2777777777777778",False
"A-712533","EdTech","US","Pro",18,False,"5","3.7500000000000000","37.4000000000000000","571","31","3273.7454545454545455",False
"A-443f6f","Cybersecurity","US","Basic",19,False,"4","4.6666666666666667","28.0000000000000000","527","34","2824.0892857142857143",False
"A-712426","HealthTech","US","Enterprise",9,False,"6","4.4000000000000000","37.3333333333333333","696","67","3066.8714285714285714",False
"A-558c72","FinTech","US","Basic",12,False,"4","4.5000000000000000","64.2500000000000000","296","39","2784.5666666666666667",False
"A-54ecc2","Cybersecurity","US","Enterprise",4,False,"5","5.0000000000000000","37.4000000000000000","607","55","3276.7500000000000000",False
"A-40a557","Cybersecurity","AU","Pro",16,True,"7","3.6666666666666667","30.5714285714285714","402","30","2928.6410256410256410",False
"A-b2225d","FinTech","US","Basic",47,False,"2","3.0000000000000000","42.0000000000000000","696","47","3242.3698630136986301",True
"A-a6d261","FinTech","CA","Pro",9,False,"4","4.6666666666666667","40.0000000000000000","627","47","3003.7301587301587302",False
"A-c45b23","FinTech","UK","Basic",5,False,"3","3.0000000000000000","36.6666666666666667","581","102","3068.7457627118644068",False
"A-2f6a32","HealthTech","US","Basic",19,False,"2","3.5000000000000000","41.0000000000000000","654","63","3140.6515151515151515",False
"A-1619f8","DevTools","US","Pro",29,False,"3","5.0000000000000000","42.0000000000000000","432","25","3399.6904761904761905",False
"A-b7b7b7","FinTech","US","Basic",24,False,"3","5.0000000000000000","17.0000000000000000","571","52","3025.2727272727272727",True
"A-7a0d69","DevTools","DE","Enterprise",4,True,"2","5.0000000000000000","29.0000000000000000","606","51","2937.1639344262295082",True
"A-484819","HealthTech","US","Pro",18,False,"5","4.5000000000000000","33.2000000000000000","336","32","3517.4545454545454545",False
"A-80eeb6","Cybersecurity","UK","Enterprise",22,False,"4","3.6666666666666667","40.2500000000000000","725","82","2919.7894736842105263",False
"A-ced9aa","DevTools","US","Enterprise",3,False,"7","3.0000000000000000","28.8571428571428571","531","53","3035.8181818181818182",False
"A-5790f4","FinTech","UK","Pro",1,True,"4","4.0000000000000000","44.0000000000000000","321","27","2739.6571428571428571",False
"A-a33200","HealthTech","US","Basic",29,False,"3","4.5000000000000000","36.3333333333333333","517","48","2745.4000000000000000",False
"A-cd458b","DevTools","US","Basic",10,True,"5","4.6000000000000000","38.4000000000000000","864","24","3174.0952380952380952",False
"A-13466a","DevTools","AU","Basic",2,False,"3","4.3333333333333333","32.3333333333333333","205","16","2615.4090909090909091",True
"A-0651a4","HealthTech","FR","Pro",16,False,"4","4.0000000000000000","29.2500000000000000","705","99","2919.2173913043478261",False
"A-cbbe12","Cybersecurity","DE","Enterprise",40,False,"6","4.2500000000000000","38.0000000000000000","178","0","2271.9545454545454545",False
"A-f19409","DevTools","US","Basic",23,False,"3","4.0000000000000000","6.3333333333333333","659","133","3384.0645161290322581",True
"A-90a8c8","FinTech","AU","Pro",15,False,"4","3.2500000000000000","45.0000000000000000","404","40","3109.4146341463414634",False
"A-39b19f","FinTech","US","Enterprise",1,False,"6","4.2500000000000000","47.8333333333333333","530","46","2455.6545454545454545",False
"A-3d957b","HealthTech","UK","Pro",14,False,"3","3.0000000000000000","41.3333333333333333","143","30","2913.2666666666666667",False
"A-157070","FinTech","US","Pro",16,False,"3","3.0000000000000000","42.3333333333333333","696","73","2632.7887323943661972",False
"A-9289f6","EdTech","US","Enterprise",1,False,"6","4.3333333333333333","37.5000000000000000","642","76","2946.6911764705882353",False
"A-b9f5b1","Cybersecurity","US","Pro",15,True,"6","3.3333333333333333","31.8333333333333333","307","34","3019.2000000000000000",False
"A-afa505","DevTools","US","Basic",70,True,"4","3.0000000000000000","37.2500000000000000","507","84","3189.6666666666666667",False
"A-9208f0","EdTech","US","Pro",1,False,"8","3.3333333333333333","41.2500000000000000","538","52","2994.3584905660377358",True
"A-92a333","FinTech","US","Enterprise",9,False,"4","3.0","23.2500000000000000","364","23","2879.0277777777777778",False
"A-e7beab","EdTech","DE","Enterprise",5,False,"6","4.0000000000000000","36.6666666666666667","373","23","3640.9444444444444444",False
"A-20736a","EdTech","IN","Enterprise",50,False,"4","3.7500000000000000","42.2500000000000000","430","62","2581.1428571428571429",False
"A-7f4db3","FinTech","US","Pro",4,False,"5","3.2500000000000000","16.6000000000000000","844","52","3088.8888888888888889",False
"A-b3fe05","Cybersecurity","CA","Pro",8,False,"4","3.0000000000000000","48.2500000000000000","438","84","3301.4418604651162791",False
"A-427b69","FinTech","US","Basic",17,False,"2","3.0000000000000000","31.5000000000000000","698","82","3082.9142857142857143",False
"A-e51ec7","FinTech","CA","Enterprise",2,False,"3","5.0000000000000000","37.0000000000000000","417","41","3168.6250000000000000",False
"A-463db0","HealthTech","US","Basic",15,False,"6","4.2500000000000000","50.1666666666666667","367","30","2871.8648648648648649",False
"A-dcc2f0","FinTech","UK","Basic",15,False,"2","3.0","27.0000000000000000","833","94","3206.5657894736842105",False
"A-4bfa33","Cybersecurity","US","Basic",8,True,"4","3.6666666666666667","16.5000000000000000","329","63","2173.4444444444444444",False
"A-ccc747","HealthTech","FR","Pro",16,False,"4","5.0000000000000000","32.2500000000000000","284","27","2986.0666666666666667",True
"A-f51f16","HealthTech","US","Enterprise",1,False,"4","3.0000000000000000","29.2500000000000000","384","25","3948.4594594594594595",False
"A-1e50e0","Cybersecurity","DE","Pro",19,True,"2","5.0000000000000000","20.5000000000000000","194","13","3132.5000000000000000",True
"A-a8d89d","EdTech","US","Pro",13,False,"2","5.0000000000000000","44.5000000000000000","551","51","3166.0370370370370370",False
"A-310452","DevTools","FR","Enterprise",9,False,"5","3.6000000000000000","34.2000000000000000","268","49","2623.2400000000000000",False
"A-c9bb3e","EdTech","US","Pro",5,False,"7","4.2000000000000000","27.7142857142857143","474","21","3720.7173913043478261",False
"A-5a215a","EdTech","FR","Enterprise",87,False,"4","4.0000000000000000","29.5000000000000000","807","82","3395.6500000000000000",False
"A-e1462e","FinTech","UK","Basic",15,False,"2","3.5000000000000000","39.5000000000000000","347","43","2802.7714285714285714",False
"A-32728c","DevTools","US","Pro",20,False,"2","3.5000000000000000","34.5000000000000000","418","46","2812.8048780487804878",True
"A-296d7c","DevTools","DE","Enterprise",2,False,"5","3.7500000000000000","50.4000000000000000","357","78","3780.3939393939393939",False
"A-ae052e","FinTech","CA","Basic",39,False,"4","4.0000000000000000","31.2500000000000000","300","63","3047.6896551724137931",False
"A-4ef964","HealthTech","US","Pro",17,False,"3","4.0000000000000000","42.6666666666666667","487","65","3074.7551020408163265",False
"A-37f969","HealthTech","IN","Enterprise",30,False,"5","3.6666666666666667","22.2000000000000000","312","42","3370.3750000000000000",False
"A-bbc346","FinTech","US","Enterprise",19,False,"3","4.5000000000000000","45.3333333333333333","650","69","2893.1612903225806452",False
"A-6f50ae","FinTech","US","Pro",19,False,"5","4.5000000000000000","31.0000000000000000","811","47","2891.7108433734939759",True
"A-8e47ca","HealthTech","US","Pro",19,False,"5","4.0000000000000000","33.4000000000000000","441","16","2902.1086956521739130",False
"A-2e3bad","FinTech","CA","Pro",61,False,"5","3.5000000000000000","31.4000000000000000","435","56","2749.7333333333333333",False
"A-eb2fdc","DevTools","AU","Enterprise",31,False,"5","4.5000000000000000","33.6000000000000000","547","26","3234.5000000000000000",True
"A-f97b9a","FinTech","US","Pro",16,False,"7","3.6666666666666667","31.7142857142857143","561","61","3093.5892857142857143",False
"A-ef84cf","EdTech","US","Enterprise",8,False,"5","4.3333333333333333","34.8000000000000000","309","31","3586.4285714285714286",False
"A-7da956","Cybersecurity","US","Pro",13,True,"3","5.0000000000000000","32.6666666666666667","543","42","2949.6274509803921569",False
"A-cea1f0","FinTech","US","Pro",8,False,"5","4.3333333333333333","42.2000000000000000","586","76","2878.3571428571428571",True
"A-4c38bc","HealthTech","UK","Basic",36,False,"3","3.5000000000000000","48.3333333333333333","818","110","3350.0987654320987654",True
"A-65c341","FinTech","US","Pro",11,True,"5","4.0000000000000000","41.4000000000000000","410","40","3870.2105263157894737",False
"A-b7ef83","Cybersecurity","UK","Pro",1,True,"2","4.0000000000000000","47.5000000000000000","738","72","3010.7916666666666667",False
"A-4814a3","Cybersecurity","IN","Basic",87,False,"4","4.0000000000000000","18.7500000000000000","587","75","2812.7833333333333333",True
"A-5ed98d","DevTools","US","Basic",24,False,"5","5.0000000000000000","35.8000000000000000","312","23","2822.3125000000000000",False
"A-0f6450","FinTech","US","Pro",28,True,"8","3.8333333333333333","29.7500000000000000","539","74","3234.6296296296296296",True
"A-fce879","EdTech","UK","Pro",10,True,"2","4.0000000000000000","28.0000000000000000","299","12","3657.0370370370370370",True
"A-f6b2fb","DevTools","AU","Basic",23,False,"5","4.0000000000000000","55.0000000000000000","524","80","2880.2181818181818182",False
"A-4a4c2d","DevTools","US","Enterprise",54,False,"5","4.2500000000000000","42.0000000000000000","587","6","2783.1864406779661017",False
"A-038089","DevTools","FR","Pro",5,False,"6","3.6666666666666667","30.1666666666666667","210","15","3183.6500000000000000",True
"A-22d9d2","DevTools","FR","Pro",8,False,"6","4.0000000000000000","16.0000000000000000","782","64","3195.7200000000000000",False
"A-fd9422","Cybersecurity","US","Pro",58,False,"6","3.5000000000000000","44.3333333333333333","456","41","3257.1136363636363636",False
"A-7c83a1","Cybersecurity","US","Pro",12,False,"4","4.0000000000000000","42.0000000000000000","632","35","3282.4032258064516129",False
"A-42b791","FinTech","AU","Pro",3,False,"3","4.0000000000000000","33.6666666666666667","312","28","2646.6562500000000000",False
"A-4a267b","FinTech","US","Pro",25,False,"4","4.3333333333333333","16.2500000000000000","498","77","3019.6800000000000000",False
"A-a7bd4b","Cybersecurity","US","Enterprise",5,False,"6","3.2500000000000000","36.8333333333333333","576","61","3032.2181818181818182",False
"A-977ca0","HealthTech","IN","Basic",6,False,"3","4.0000000000000000","64.0000000000000000","893","145","2857.1764705882352941",True
"A-700ade","Cybersecurity","UK","Enterprise",1,True,"4","4.6666666666666667","30.2500000000000000","284","20","2944.1724137931034483",False
"A-716841","FinTech","US","Pro",45,False,"5","4.0000000000000000","29.8000000000000000","344","14","3269.4411764705882353",False
"A-8ae3fc","DevTools","CA","Pro",9,False,"4","3.5000000000000000","39.5000000000000000","402","45","3339.5384615384615385",False
"A-0aaf6e","FinTech","US","Enterprise",3,False,"5","4.0000000000000000","45.0000000000000000","599","66","3025.2982456140350877",False
"A-0baac2","FinTech","DE","Enterprise",14,False,"6","4.3333333333333333","43.5000000000000000","202","0","3483.8571428571428571",True
"A-56962b","EdTech","UK","Enterprise",163,False,"4","3.0000000000000000","37.5000000000000000","271","43","2825.6551724137931034",False
"A-cbd1a3","DevTools","US","Basic",6,False,"4","4.0000000000000000","34.5000000000000000","465","23","2862.4222222222222222",True
"A-855a48","EdTech","US","Pro",14,True,"5","3.6666666666666667","39.6000000000000000","448","61","3316.0909090909090909",False
"A-96bbc6","Cybersecurity","US","Enterprise",39,False,"3","3.3333333333333333","51.3333333333333333","482","55","3118.4897959183673469",False
"A-dec005","HealthTech","US","Pro",21,False,"2","3.0000000000000000","59.0000000000000000","475","51","2847.3137254901960784",False
"A-bc87bc","FinTech","US","Pro",3,False,"7","3.7500000000000000","40.5714285714285714","394","31","3754.4444444444444444",False
"A-ad64c6","DevTools","UK","Pro",12,False,"4","5.0000000000000000","34.0000000000000000","215","18","3980.2500000000000000",False
"A-fdfc91","Cybersecurity","US","Basic",29,False,"5","3.6666666666666667","28.8000000000000000","564","9","2823.9821428571428571",False
"A-8b0451","FinTech","UK","Enterprise",41,False,"7","3.5000000000000000","26.5714285714285714","606","57","2965.5000000000000000",False
"A-e4144b","EdTech","UK","Pro",41,False,"3","4.0000000000000000","57.0000000000000000","439","47","3102.2558139534883721",False
"A-c37601","EdTech","US","Basic",6,True,"4","3.6666666666666667","42.2500000000000000","489","31","2746.5625000000000000",False
"A-76fa4d","HealthTech","US","Pro",69,False,"5","4.5000000000000000","33.4000000000000000","357","43","3506.9722222222222222",False
"A-3c1a3f","DevTools","UK","Pro",1,False,"4","3.5000000000000000","33.2500000000000000","497","56","3379.2352941176470588",False
"A-039727","EdTech","AU","Pro",25,False,"0","3.0","30.0","768","30","3372.2297297297297297",False
"A-9123ac","Cybersecurity","DE","Pro",9,False,"6","4.2000000000000000","38.8333333333333333","386","39","3243.6216216216216216",False
"A-db5e9e","DevTools","US","Basic",4,False,"2","5.0000000000000000","66.0000000000000000","586","74","2997.4561403508771930",False
"A-6843f2","HealthTech","CA","Enterprise",21,False,"2","3.0000000000000000","36.5000000000000000","481","23","2748.3478260869565217",False
"A-b07b56","DevTools","US","Pro",25,False,"4","3.0000000000000000","31.2500000000000000","633","87","2897.8437500000000000",True
"A-ed510f","Cybersecurity","IN","Basic",42,False,"9","4.0000000000000000","44.5555555555555556","493","51","3280.4897959183673469",False
"A-82861f","DevTools","UK","Basic",41,False,"5","3.2000000000000000","24.4000000000000000","462","34","2617.4600000000000000",False
"A-39868b","FinTech","AU","Pro",9,False,"6","4.2500000000000000","39.0000000000000000","305","61","3796.1428571428571429",False
"A-e43bf7","Cybersecurity","AU","Pro",44,False,"5","4.0000000000000000","27.4000000000000000","371","20","2586.3750000000000000",False
"A-e693b6","FinTech","AU","Enterprise",55,False,"1","3.0000000000000000","1.00000000000000000000","681","54","3379.7868852459016393",True
"A-d4ac0e","DevTools","UK","Basic",18,False,"4","3.5000000000000000","21.0000000000000000","793","94","3070.2375000000000000",False
"A-241e75","EdTech","US","Enterprise",3,False,"4","4.5000000000000000","31.5000000000000000","266","20","3580.6071428571428571",False
"A-812c5b","DevTools","CA","Basic",55,False,"4","4.0000000000000000","27.0000000000000000","866","108","3063.5795454545454545",True
"A-8ae05d","FinTech","IN","Enterprise",86,False,"1","4.0000000000000000","47.0000000000000000","203","7","3872.3000000000000000",False
"A-bd4708","FinTech","US","Pro",37,True,"4","3.5000000000000000","24.0000000000000000","653","65","3154.6406250000000000",False
"A-671f31","DevTools","US","Basic",59,False,"7","4.2000000000000000","33.0000000000000000","167","0","2555.8235294117647059",False
"A-6965e1","DevTools","US","Basic",13,False,"3","3.0000000000000000","39.0000000000000000","627","38","3189.0508474576271186",False
"A-c16101","EdTech","IN","Basic",7,False,"4","5.0000000000000000","28.0000000000000000","561","100","3381.5272727272727273",False
"A-fda07f","Cybersecurity","FR","Basic",7,False,"5","4.0000000000000000","17.8000000000000000","681","42","3559.6307692307692308",False
"A-625d0b","EdTech","AU","Basic",9,False,"5","3.0000000000000000","48.4000000000000000","529","67","2620.1666666666666667",False
"A-ac9111","HealthTech","US","Pro",21,True,"3","5.0000000000000000","24.6666666666666667","808","117","3064.2168674698795181",False
"A-1f0ac7","HealthTech","UK","Basic",24,True,"2","3.0","29.0000000000000000","382","46","2500.6829268292682927",False
"A-249769","Cybersecurity","US","Enterprise",4,False,"2","4.0000000000000000","39.5000000000000000","678","27","2849.6617647058823529",True
"A-9ee962","HealthTech","US","Basic",9,False,"3","4.0000000000000000","37.0000000000000000","439","32","3082.7179487179487179",True
"A-533452","DevTools","AU","Pro",9,False,"4","4.0000000000000000","32.7500000000000000","595","90","2741.6825396825396825",False
"A-e3bd71","Cybersecurity","US","Basic",31,False,"4","4.0000000000000000","30.2500000000000000","638","38","3065.9672131147540984",False
"A-b9eed8","Cybersecurity","US","Basic",11,False,"5","3.7500000000000000","29.2000000000000000","623","101","2761.8688524590163934",False
"A-ad296b","DevTools","AU","Pro",38,False,"3","3.6666666666666667","28.3333333333333333","294","16","3348.5483870967741935",False
"A-0a282f","DevTools","US","Basic",1,False,"3","4.6666666666666667","43.6666666666666667","821","45","3026.6265060240963855",False
"A-f446b6","DevTools","DE","Pro",5,True,"8","4.2500000000000000","30.7500000000000000","376","32","3269.6153846153846154",False
"A-1f559b","HealthTech","US","Enterprise",5,True,"5","4.2000000000000000","50.4000000000000000","400","43","2931.6750000000000000",True
"A-2d1036","FinTech","US","Pro",69,False,"5","4.6000000000000000","37.8000000000000000","692","107","2628.0434782608695652",True
"A-cc8c8f","DevTools","US","Enterprise",23,False,"2","3.5000000000000000","14.5000000000000000","268","6","2392.2500000000000000",False
"A-751c58","FinTech","UK","Basic",15,False,"5","4.3333333333333333","39.6000000000000000","574","18","3385.0000000000000000",False
"A-029f69","Cybersecurity","CA","Basic",3,False,"2","3.0000000000000000","42.0000000000000000","789","86","2872.3214285714285714",False
"A-bb1eaa","Cybersecurity","US","Basic",21,False,"6","4.5000000000000000","23.5000000000000000","164","15","2666.8823529411764706",False
"A-7df7a7","DevTools","US","Basic",7,False,"3","4.0000000000000000","28.0000000000000000","922","99","2822.0989010989010989",True
"A-50bb9f","Cybersecurity","US","Pro",2,False,"7","4.0000000000000000","33.2857142857142857","276","58","4138.6666666666666667",False
"A-1d5444","Cybersecurity","US","Basic",24,False,"2","4.0000000000000000","30.0000000000000000","592","66","3085.2711864406779661",True
"A-4d1e75","DevTools","US","Basic",20,False,"2","4.0000000000000000","15.0000000000000000","477","50","2904.0392156862745098",False
"A-4c6f11","FinTech","CA","Pro",24,True,"3","4.3333333333333333","44.6666666666666667","268","11","3535.6250000000000000",True
"A-eb1312","FinTech","US","Pro",25,False,"1","5.0000000000000000","68.0000000000000000","663","30","2893.0307692307692308",False
"A-2edab2","HealthTech","US","Enterprise",17,False,"4","3.0000000000000000","30.0000000000000000","487","54","3421.3617021276595745",False
"A-4e631b","FinTech","US","Enterprise",22,False,"2","4.0000000000000000","24.5000000000000000","502","38","3156.4897959183673469",False
"A-50f3f7","HealthTech","US","Basic",31,False,"6","5.0000000000000000","37.8333333333333333","685","58","2873.5138888888888889",True
"A-4437e4","Cybersecurity","US","Enterprise",3,False,"6","3.0000000000000000","34.6666666666666667","806","74","3135.7951807228915663",False
"A-474ad4","EdTech","US","Basic",8,False,"3","5.0000000000000000","33.0000000000000000","605","61","2864.9218750000000000",False
"A-151c9a","FinTech","US","Enterprise",23,False,"2","3.5000000000000000","31.0000000000000000","366","17","3556.0882352941176471",False
"A-86902e","HealthTech","IN","Enterprise",34,False,"9","3.5000000000000000","40.8888888888888889","628","66","3211.5714285714285714",False
"A-3793ee","Cybersecurity","CA","Enterprise",49,True,"4","4.0000000000000000","43.7500000000000000","352","13","2562.6578947368421053",False
"A-2bc93d","HealthTech","US","Basic",14,False,"2","4.5000000000000000","12.0000000000000000","666","47","3219.9253731343283582",False
"A-eafc6e","DevTools","US","Pro",27,False,"1","3.0","64.0000000000000000","300","34","2819.3125000000000000",True
"A-2789e3","FinTech","US","Enterprise",11,False,"4","4.0000000000000000","47.2500000000000000","680","69","3167.3384615384615385",False
"A-2d4502","FinTech","IN","Basic",7,False,"3","5.0000000000000000","26.3333333333333333","465","77","2723.3404255319148936",False
"A-180abf","DevTools","US","Pro",64,False,"3","3.0000000000000000","36.3333333333333333","499","45","2838.5416666666666667",True
"A-40de06","Cybersecurity","US","Enterprise",28,False,"3","4.0000000000000000","40.3333333333333333","902","150","2938.4615384615384615",True
"A-186a44","HealthTech","US","Enterprise",20,False,"7","3.5000000000000000","38.2857142857142857","614","90","3369.4918032786885246",False
"A-4e44e8","DevTools","US","Enterprise",3,False,"3","3.3333333333333333","31.3333333333333333","687","57","3020.1014492753623188",True
"A-0b0d6d","DevTools","US","Pro",3,False,"5","4.0000000000000000","31.4000000000000000","582","83","2619.5322580645161290",False
"A-1b7577","Cybersecurity","US","Pro",4,False,"5","4.0000000000000000","27.2000000000000000","647","43","3154.8064516129032258",False
"A-2e4581","EdTech","US","Basic",9,False,"2","3.0000000000000000","23.0000000000000000","535","34","2769.8000000000000000",False
"A-684255","FinTech","US","Enterprise",9,False,"4","4.6666666666666667","14.2500000000000000","653","153","2906.8030303030303030",False
"A-e1b9cd","DevTools","US","Pro",40,False,"1","3.0000000000000000","35.0000000000000000","840","90","3045.2000000000000000",True
"A-1f0636","EdTech","AU","Pro",105,False,"2","3.5000000000000000","38.5000000000000000","685","34","3119.4117647058823529",False
"A-bb3bd4","HealthTech","US","Basic",23,False,"11","4.1428571428571429","32.7272727272727273","315","12","3120.3000000000000000",False
"A-71615e","EdTech","US","Basic",15,False,"1","3.0","49.0000000000000000","620","41","3141.9193548387096774",False
"A-5c9849","EdTech","IN","Basic",19,False,"4","3.0","59.5000000000000000","473","24","3293.1086956521739130",False
"A-600734","DevTools","US","Pro",29,True,"7","3.6666666666666667","52.5714285714285714","660","113","2754.7246376811594203",True
"A-054577","EdTech","UK","Basic",2,False,"1","4.0000000000000000","46.0000000000000000","833","96","2585.2588235294117647",False
"A-d535f6","DevTools","US","Basic",12,True,"0","3.0","30.0","477","38","3107.5106382978723404",True
"A-ff79f2","DevTools","US","Basic",8,False,"2","3.0","50.0000000000000000","393","27","3264.5853658536585366",True
"A-c1dfe1","DevTools","DE","Pro",26,False,"3","4.0000000000000000","50.3333333333333333","375","36","3274.0256410256410256",False
"A-7d514c","HealthTech","DE","Enterprise",17,False,"3","5.0000000000000000","33.3333333333333333","502","84","3056.3958333333333333",False
"A-016043","EdTech","CA","Basic",4,True,"3","4.0000000000000000","30.3333333333333333","490","29","2810.1063829787234043",False
"A-c222ab","Cybersecurity","US","Pro",32,False,"4","5.0000000000000000","39.0000000000000000","435","50","2965.3555555555555556",True
"A-98a59a","FinTech","UK","Enterprise",56,False,"3","4.5000000000000000","37.3333333333333333","455","78","2827.9318181818181818",False
"A-1e6fc3","EdTech","FR","Pro",1,False,"5","3.6666666666666667","23.8000000000000000","244","7","3279.7692307692307692",False
"A-f17767","DevTools","US","Enterprise",1,True,"3","4.0000000000000000","36.3333333333333333","713","50","3028.6521739130434783",True
"A-544d0a","DevTools","US","Basic",2,True,"2","4.0000000000000000","38.5000000000000000","510","82","3251.6170212765957447",False
"A-503d5a","FinTech","US","Enterprise",4,False,"9","4.0000000000000000","36.5555555555555556","605","59","3585.8474576271186441",True
"A-5b051a","Cybersecurity","US","Enterprise",22,False,"1","3.0000000000000000","2.0000000000000000","171","42","2804.0000000000000000",False
"A-84ebe4","FinTech","US","Pro",18,True,"4","4.0000000000000000","29.5000000000000000","396","60","2944.1666666666666667",True
"A-2ebb4b","HealthTech","US","Basic",41,False,"2","3.0000000000000000","43.5000000000000000","488","63","2870.0400000000000000",False
"A-f1f639","EdTech","US","Basic",2,False,"7","4.8000000000000000","20.0000000000000000","139","39","3078.3571428571428571",False
"A-65aeb5","DevTools","US","Pro",9,False,"2","5.0000000000000000","42.5000000000000000","533","28","2691.5272727272727273",False
"A-d40bf7","FinTech","IN","Basic",59,False,"2","5.0000000000000000","20.5000000000000000","562","49","2730.6545454545454545",False
"A-f19b24","Cybersecurity","US","Pro",29,True,"2","4.0000000000000000","35.5000000000000000","119","0","3834.3333333333333333",False
"A-7641d3","EdTech","US","Pro",8,True,"5","4.3333333333333333","45.2000000000000000","519","47","3295.1000000000000000",True
"A-417d2f","Cybersecurity","IN","Pro",4,True,"6","4.3333333333333333","43.5000000000000000","722","92","2907.0563380281690141",False
"A-0cc442","EdTech","US","Basic",45,False,"3","3.0000000000000000","37.0000000000000000","765","57","2996.8701298701298701",False
"A-9c18c4","HealthTech","US","Pro",11,False,"4","4.0000000000000000","42.2500000000000000","556","42","3186.6607142857142857",True
"A-39ddf4","EdTech","US","Enterprise",40,False,"5","4.2500000000000000","23.0000000000000000","455","72","3035.9565217391304348",False
"A-e36807","EdTech","AU","Pro",6,False,"2","4.5000000000000000","41.0000000000000000","446","34","2874.4693877551020408",False
"A-35083d","HealthTech","IN","Basic",19,False,"4","5.0000000000000000","49.7500000000000000","791","70","3292.4305555555555556",True
"A-a1bbb6","DevTools","CA","Basic",1,False,"3","4.0000000000000000","17.6666666666666667","366","67","3201.7567567567567568",False
"A-396e5f","Cybersecurity","CA","Enterprise",2,False,"5","4.0000000000000000","24.8000000000000000","540","40","3189.5818181818181818",False
"A-bc4d48","EdTech","US","Pro",35,True,"6","4.2000000000000000","41.1666666666666667","321","12","2793.4687500000000000",False
"A-5a92e7","HealthTech","US","Pro",4,False,"7","4.4000000000000000","45.0000000000000000","885","82","3251.0235294117647059",False
"A-297a2d","HealthTech","UK","Pro",27,False,"2","3.0000000000000000","32.5000000000000000","244","57","2816.4800000000000000",False
"A-9174e0","Cybersecurity","US","Basic",37,False,"2","5.0000000000000000","39.0000000000000000","689","71","2987.5072463768115942",False
"A-6c093d","DevTools","US","Basic",7,True,"3","5.0000000000000000","40.3333333333333333","670","103","3394.9218750000000000",False
"A-a45270","HealthTech","US","Enterprise",3,False,"4","4.0000000000000000","64.0000000000000000","733","41","3134.9577464788732394",False
"A-524364","DevTools","FR","Enterprise",3,False,"3","4.3333333333333333","47.6666666666666667","237","18","2791.1153846153846154",False
"A-9779ad","Cybersecurity","AU","Pro",40,True,"3","5.0000000000000000","20.6666666666666667","413","33","2536.7209302325581395",True
"A-b48f73","EdTech","AU","Pro",80,True,"3","4.0000000000000000","28.6666666666666667","412","31","2691.2727272727272727",False
"A-df10db","DevTools","US","Enterprise",2,True,"2","3.0000000000000000","68.5000000000000000","697","16","3359.0000000000000000",False
"A-cb5333","DevTools","US","Pro",33,False,"4","3.0000000000000000","30.7500000000000000","796","80","3216.6707317073170732",False
"A-ffdfd5","EdTech","US","Basic",3,False,"0","3.0","30.0","529","36","2684.7884615384615385",True
"A-922109","Cybersecurity","US","Pro",3,False,"3","3.0000000000000000","25.3333333333333333","819","38","3474.2278481012658228",False
"A-0e966d","FinTech","IN","Basic",11,False,"3","4.5000000000000000","31.6666666666666667","636","99","3088.8281250000000000",True
"A-bece89","Cybersecurity","IN","Pro",26,False,"4","4.0000000000000000","32.5000000000000000","176","15","2532.2105263157894737",False
"A-fabe19","DevTools","UK","Enterprise",1,False,"3","4.0000000000000000","40.6666666666666667","337","13","3423.2121212121212121",False
"A-d5a319","FinTech","US","Enterprise",15,False,"1","4.0000000000000000","17.0000000000000000","604","60","3604.3220338983050847",True
"A-d4e0d4","FinTech","US","Basic",117,False,"4","4.0000000000000000","39.2500000000000000","488","63","2954.5102040816326531",False
"A-751bd4","Cybersecurity","UK","Pro",10,False,"6","4.2500000000000000","23.1666666666666667","92","0","3262.9000000000000000",False
"A-560d27","DevTools","US","Pro",23,False,"4","3.6666666666666667","30.7500000000000000","587","67","3146.0338983050847458",False
"A-ac85cd","EdTech","US","Enterprise",53,False,"3","3.5000000000000000","33.6666666666666667","634","55","2793.6825396825396825",False
"A-faa28c","HealthTech","US","Enterprise",48,False,"4","4.6666666666666667","52.2500000000000000","585","48","2745.8813559322033898",False
"A-44dc83","EdTech","FR","Basic",5,False,"7","4.6000000000000000","40.8571428571428571","248","35","3379.9583333333333333",False
"A-5247b3","FinTech","UK","Pro",16,True,"5","4.0000000000000000","45.8000000000000000","610","95","2953.5333333333333333",False
"A-94d3da","HealthTech","US","Basic",41,False,"6","3.5000000000000000","26.8333333333333333","464","65","3126.0625000000000000",False
"A-b30291","HealthTech","US","Basic",5,True,"1","3.0","16.0000000000000000","519","72","3356.1875000000000000",True
"A-6a4e2d","EdTech","UK","Pro",9,False,"2","4.5000000000000000","18.5000000000000000","597","33","2928.2033898305084746",False
"A-462d45","Cybersecurity","US","Enterprise",11,True,"4","4.0000000000000000","26.7500000000000000","642","70","2312.4782608695652174",False
"A-d62e02","Cybersecurity","US","Pro",6,False,"1","4.0000000000000000","36.0000000000000000","344","25","3728.1470588235294118",False
"A-52dd88","Cybersecurity","US","Pro",23,False,"1","3.0","72.0000000000000000","516","35","3616.4600000000000000",False
"A-02cd81","HealthTech","IN","Basic",44,False,"3","4.5000000000000000","17.3333333333333333","684","48","3045.8888888888888889",False
"A-378b99","EdTech","UK","Pro",8,True,"6","4.5000000000000000","28.5000000000000000","565","66","3233.1896551724137931",False
"A-69fad4","FinTech","UK","Basic",6,False,"4","3.6666666666666667","43.0000000000000000","412","43","3196.0512820512820513",True
"A-331424","DevTools","US","Basic",11,False,"2","3.0","24.5000000000000000","214","41","3808.5000000000000000",False
"A-68f37c","HealthTech","US","Basic",4,False,"5","4.0000000000000000","20.2000000000000000","624","45","3119.3230769230769231",False
"A-5a184f","DevTools","DE","Enterprise",1,False,"3","4.3333333333333333","15.3333333333333333","587","27","3081.2105263157894737",True
"A-cdf020","DevTools","AU","Pro",23,False,"4","4.0000000000000000","29.5000000000000000","379","37","2988.0500000000000000",False
"A-5a3eb9","DevTools","CA","Enterprise",18,True,"3","3.0","24.0000000000000000","722","76","3143.1884057971014493",False
"A-7dacce","Cybersecurity","CA","Enterprise",12,False,"4","3.6666666666666667","32.5000000000000000","472","49","3029.7708333333333333",True
"A-d922bf","HealthTech","US","Basic",5,True,"7","3.3333333333333333","39.1428571428571429","419","33","3271.1951219512195122",True
"A-b7724f","HealthTech","UK","Basic",1,False,"3","3.0000000000000000","28.6666666666666667","380","22","2453.9736842105263158",False
"A-bcf664","DevTools","US","Pro",5,False,"5","4.0000000000000000","36.0000000000000000","575","45","3248.5714285714285714",False
"A-65a46c","HealthTech","US","Pro",1,False,"8","4.0000000000000000","45.1250000000000000","370","56","3032.0789473684210526",False
"A-313be3","EdTech","US","Enterprise",47,True,"4","5.0000000000000000","22.5000000000000000","560","34","2886.7543859649122807",False
"A-9077b0","HealthTech","US","Basic",2,False,"3","4.3333333333333333","40.3333333333333333","493","39","3180.4565217391304348",False
"A-410e86","FinTech","US","Basic",24,False,"5","3.5000000000000000","42.6000000000000000","292","20","3581.4333333333333333",False
"A-b2af2e","Cybersecurity","UK","Enterprise",5,False,"2","4.0000000000000000","39.5000000000000000","174","38","3345.2222222222222222",False
"A-7988d1","Cybersecurity","US","Basic",33,False,"3","4.3333333333333333","35.3333333333333333","449","64","3005.7608695652173913",False
"A-139c3b","HealthTech","US","Enterprise",10,True,"9","4.5000000000000000","28.4444444444444444","478","73","3422.7500000000000000",True
"A-794a0b","HealthTech","DE","Basic",23,False,"0","3.0","30.0","347","10","2478.9473684210526316",False
"A-e83938","DevTools","UK","Pro",2,True,"4","3.0000000000000000","31.0000000000000000","266","18","2814.4838709677419355",True
"A-d792a6","DevTools","US","Enterprise",4,False,"5","4.0000000000000000","40.6000000000000000","690","77","2991.1029411764705882",False
"A-82d8a6","Cybersecurity","UK","Basic",5,False,"5","3.5000000000000000","42.2000000000000000","661","101","2836.2571428571428571",False
"A-ba6516","FinTech","US","Pro",27,False,"6","4.0000000000000000","31.5000000000000000","642","84","3559.2333333333333333",False
"A-993085","HealthTech","US","Basic",31,True,"4","3.5000000000000000","46.5000000000000000","665","75","3085.9285714285714286",False
"A-e98302","EdTech","US","Enterprise",16,True,"9","4.1428571428571429","44.4444444444444444","273","22","2958.3666666666666667",False
"A-6dee43","FinTech","UK","Basic",3,True,"5","4.3333333333333333","44.2000000000000000","461","15","2969.5000000000000000",False
"A-309e54","DevTools","US","Pro",15,False,"5","3.0000000000000000","23.8000000000000000","509","28","3234.5961538461538462",False
"A-d27f50","Cybersecurity","UK","Enterprise",44,False,"4","3.7500000000000000","37.5000000000000000","481","39","3402.0200000000000000",False
"A-0be015","FinTech","US","Pro",19,False,"7","4.2000000000000000","40.2857142857142857","297","27","3150.1785714285714286",False
"A-202b67","HealthTech","US","Pro",11,False,"4","4.6666666666666667","36.7500000000000000","447","46","2402.4782608695652174",False
"A-0f3e88","HealthTech","US","Basic",7,False,"3","4.5000000000000000","48.0000000000000000","598","59","2993.7288135593220339",True
"A-c62e55","EdTech","US","Basic",1,True,"4","4.0000000000000000","27.5000000000000000","337","57","2720.1562500000000000",False
"A-c4ea60","FinTech","DE","Enterprise",18,False,"5","3.6000000000000000","36.0000000000000000","427","76","3191.7209302325581395",True
"A-856b1e","FinTech","US","Basic",19,False,"5","3.0","36.0000000000000000","230","34","2757.3043478260869565",False
"A-779e4e","HealthTech","US","Basic",5,False,"5","4.0000000000000000","26.6000000000000000","393","54","2523.5909090909090909",False
"A-5fe118","Cybersecurity","US","Enterprise",39,False,"1","4.0000000000000000","19.0000000000000000","233","58","2852.4761904761904762",False
"A-271f46","DevTools","US","Pro",38,False,"1","3.0","36.0000000000000000","373","6","3014.8157894736842105",True
"A-8adedc","EdTech","US","Basic",4,True,"4","4.0000000000000000","49.2500000000000000","583","51","2721.2622950819672131",True
"A-59f724","HealthTech","US","Enterprise",3,True,"4","4.2500000000000000","19.2500000000000000","696","53","3260.1617647058823529",False
"A-3b37d9","FinTech","US","Enterprise",23,False,"5","4.5000000000000000","36.0000000000000000","451","17","2979.5116279069767442",False
"A-a09355","FinTech","US","Basic",14,False,"5","4.0000000000000000","32.6000000000000000","788","78","2782.8717948717948718",False
"A-9b9fe9","EdTech","AU","Basic",5,False,"4","4.0000000000000000","33.5000000000000000","597","27","3391.3965517241379310",False
"A-e7a1e2","Cybersecurity","US","Enterprise",3,False,"1","4.0000000000000000","45.0000000000000000","703","39","3248.9411764705882353",False
"A-66224b","HealthTech","US","Pro",92,True,"6","3.5000000000000000","39.8333333333333333","626","99","3036.5409836065573770",False
"A-cab532","DevTools","FR","Pro",11,True,"1","4.0000000000000000","32.0000000000000000","1005","65","2709.2970297029702970",False
"A-43a9e3","FinTech","IN","Basic",18,False,"3","4.0000000000000000","38.0000000000000000","355","20","2889.6000000000000000",True
"A-9a532a","HealthTech","US","Enterprise",11,False,"2","3.0","57.5000000000000000","185","38","4199.7222222222222222",False
"A-3be56b","HealthTech","IN","Pro",3,False,"4","3.5000000000000000","40.2500000000000000","528","91","3089.2363636363636364",True
"A-cc102e","HealthTech","US","Enterprise",13,False,"4","4.3333333333333333","33.2500000000000000","394","47","2827.0697674418604651",False
"A-f92792","FinTech","US","Pro",1,False,"2","4.0000000000000000","45.0000000000000000","528","67","2813.6603773584905660",False
"A-e2cd1b","DevTools","US","Enterprise",15,False,"5","4.0000000000000000","37.8000000000000000","465","68","2817.2040816326530612",False
"A-cc1d8d","FinTech","US","Pro",5,False,"5","4.5000000000000000","30.2000000000000000","618","107","3243.8888888888888889",False
"A-dbc825","EdTech","FR","Enterprise",19,False,"6","4.0000000000000000","49.5000000000000000","730","85","2955.5694444444444444",False
"A-3a7284","FinTech","US","Enterprise",31,False,"3","3.5000000000000000","56.3333333333333333","609","98","3192.7000000000000000",False
"A-118d55","Cybersecurity","US","Basic",8,False,"5","4.3333333333333333","24.2000000000000000","599","36","2802.3833333333333333",False
"A-45ce7a","FinTech","US","Enterprise",16,False,"5","3.6666666666666667","45.4000000000000000","424","22","3204.5641025641025641",False
"A-ffc04f","EdTech","US","Pro",13,False,"7","4.5000000000000000","17.7142857142857143","857","81","3224.9651162790697674",False
"A-883b7d","Cybersecurity","IN","Basic",17,False,"7","3.6000000000000000","25.5714285714285714","644","64","2871.4242424242424242",False
"A-a0ca4e","Cybersecurity","US","Pro",11,False,"6","3.8000000000000000","39.1666666666666667","373","26","2999.0769230769230769",False
"A-432483","Cybersecurity","US","Pro",4,False,"1","3.0","51.0000000000000000","451","41","3365.7777777777777778",False
"A-95b24a","FinTech","US","Pro",38,False,"5","4.2500000000000000","21.2000000000000000","611","75","3046.0645161290322581",True
"A-ad3abd","FinTech","US","Pro",44,False,"3","3.0000000000000000","13.0000000000000000","296","10","3271.2413793103448276",False
"A-42e5e1","DevTools","US","Pro",1,False,"3","4.0000000000000000","29.0000000000000000","411","21","2846.4390243902439024",True
"A-de24d5","DevTools","US","Enterprise",5,True,"7","3.0000000000000000","43.1428571428571429","537","50","2646.5283018867924528",False
"A-019782","DevTools","FR","Enterprise",11,False,"2","3.0000000000000000","10.0000000000000000","562","36","2924.5090909090909091",False
"A-7920cc","Cybersecurity","FR","Pro",39,False,"7","4.3333333333333333","32.8571428571428571","601","28","2863.0967741935483871",False
"A-49b828","FinTech","IN","Pro",6,False,"3","3.5000000000000000","13.6666666666666667","687","104","2879.7384615384615385",False
"A-328bd0","HealthTech","AU","Enterprise",18,False,"5","3.6666666666666667","46.0000000000000000","568","45","2659.1803278688524590",False
"A-fd7ad3","Cybersecurity","US","Enterprise",1,False,"8","4.1666666666666667","48.7500000000000000","567","103","3070.6607142857142857",False
"A-6da850","FinTech","IN","Pro",5,False,"5","4.0000000000000000","49.0000000000000000","714","71","2662.4285714285714286",False
"A-5b4ebb","Cybersecurity","UK","Basic",21,True,"5","4.7500000000000000","35.4000000000000000","692","58","2804.2857142857142857",True
"A-832ec2","FinTech","UK","Enterprise",4,True,"3","4.0000000000000000","26.0000000000000000","511","68","3218.5918367346938776",False
"A-e4bf56","HealthTech","IN","Pro",17,False,"8","3.6666666666666667","29.1250000000000000","339","11","3499.6363636363636364",True
"A-aa9511","DevTools","US","Pro",23,True,"2","4.0000000000000000","56.5000000000000000","625","40","2915.7846153846153846",False
"A-05f0e5","FinTech","US","Basic",32,False,"4","4.0000000000000000","20.0000000000000000","706","90","3091.2835820895522388",False
"A-b179bf","Cybersecurity","IN","Basic",43,False,"6","4.0000000000000000","24.6666666666666667","398","51","2842.4358974358974359",False
"A-068fc6","EdTech","US","Enterprise",35,False,"5","4.3333333333333333","38.8000000000000000","598","52","3204.0169491525423729",False
"A-d26ab4","DevTools","UK","Basic",9,False,"2","4.0000000000000000","49.5000000000000000","458","31","2638.6739130434782609",True
"A-fa3095","FinTech","US","Basic",70,False,"5","5.0000000000000000","49.2000000000000000","600","48","3425.4237288135593220",False
"A-702032","HealthTech","US","Pro",28,False,"4","3.0000000000000000","26.0000000000000000","285","8","3529.8461538461538462",False
"A-b54c01","DevTools","US","Enterprise",29,False,"5","3.0000000000000000","42.6000000000000000","226","27","2824.9130434782608696",False
"A-54d94a","Cybersecurity","IN","Basic",27,False,"4","3.5000000000000000","53.7500000000000000","582","71","2951.8983050847457627",False
"A-4f18f0","DevTools","CA","Pro",24,True,"5","4.0000000000000000","39.2000000000000000","544","60","2948.2631578947368421",False
"A-712f1c","DevTools","US","Basic",17,False,"6","4.0000000000000000","41.6666666666666667","631","43","2666.2058823529411765",True
"A-dfbd31","DevTools","UK","Enterprise",14,False,"6","4.2500000000000000","29.6666666666666667","599","79","3375.4259259259259259",False
"A-ab438f","Cybersecurity","US","Enterprise",13,False,"2","3.5000000000000000","33.5000000000000000","369","28","3095.8888888888888889",True
"A-c43359","FinTech","US","Pro",38,False,"3","4.0000000000000000","26.6666666666666667","461","41","3128.7446808510638298",False
"A-df1e44","Cybersecurity","UK","Enterprise",12,False,"2","5.0000000000000000","53.0000000000000000","420","44","2915.0476190476190476",False
"A-acb7f7","EdTech","US","Basic",32,False,"3","3.5000000000000000","41.0000000000000000","612","108","2848.8387096774193548",False
"A-6e08f3","Cybersecurity","US","Basic",8,False,"2","3.5000000000000000","36.5000000000000000","492","77","2981.5600000000000000",False
"A-075038","HealthTech","UK","Basic",17,False,"2","3.0000000000000000","43.5000000000000000","743","84","2838.9714285714285714",False
"A-2446e3","EdTech","IN","Pro",27,False,"3","4.0000000000000000","28.6666666666666667","496","58","3146.6041666666666667",False
"A-94f8c9","HealthTech","US","Basic",13,False,"3","5.0000000000000000","47.3333333333333333","746","74","2650.9610389610389610",False
"A-eb7fac","DevTools","US","Enterprise",7,False,"4","4.0000000000000000","34.0000000000000000","538","55","3504.3207547169811321",False
"A-f03140","DevTools","IN","Pro",27,True,"7","3.6666666666666667","36.0000000000000000","595","47","3455.5263157894736842",False
"A-089363","FinTech","AU","Basic",2,False,"3","3.6666666666666667","35.0000000000000000","628","103","3221.1639344262295082",False
"A-7f29a7","Cybersecurity","UK","Basic",41,True,"1","4.0000000000000000","24.0000000000000000","619","81","2858.2096774193548387",False
"A-b20d99","HealthTech","IN","Basic",20,False,"2","3.5000000000000000","61.5000000000000000","329","53","3188.3030303030303030",False
"A-ff3c73","HealthTech","AU","Pro",21,False,"2","3.5000000000000000","35.5000000000000000","408","62","3599.7250000000000000",False
"A-9bfc9f","DevTools","CA","Pro",53,False,"6","3.3333333333333333","35.3333333333333333","376","42","2969.2432432432432432",False
"A-89ee83","Cybersecurity","US","Pro",1,False,"5","4.0000000000000000","21.8000000000000000","565","44","2925.8644067796610169",True
"A-96215d","FinTech","US","Enterprise",10,False,"1","3.0000000000000000","25.0000000000000000","347","50","3263.8125000000000000",False
"A-40906c","EdTech","US","Basic",92,False,"5","3.7500000000000000","29.2000000000000000","685","76","3337.1904761904761905",False
"A-c58f49","EdTech","US","Enterprise",70,True,"3","5.0000000000000000","36.3333333333333333","363","30","2856.3157894736842105",False
"A-8bde0c","DevTools","US","Basic",12,False,"3","4.0000000000000000","25.6666666666666667","773","68","3011.3500000000000000",False
"A-c16b88","HealthTech","US","Enterprise",23,False,"3","3.0000000000000000","48.3333333333333333","457","60","3228.3125000000000000",False
"A-a2485e","FinTech","US","Pro",3,True,"0","3.0","30.0","317","56","3665.9642857142857143",False
"A-10b8f2","HealthTech","DE","Basic",47,True,"3","4.3333333333333333","46.3333333333333333","560","96","3092.5535714285714286",False
"A-e60f9d","FinTech","US","Basic",29,False,"2","3.0","70.5000000000000000","629","46","2557.8548387096774194",False
"A-bcf87c","FinTech","US","Pro",10,False,"2","4.0000000000000000","63.0000000000000000","503","74","2733.1481481481481481",True
"A-9f2731","FinTech","IN","Enterprise",1,False,"0","3.0","30.0","324","26","3066.0312500000000000",False
"A-91e948","EdTech","AU","Basic",41,False,"0","3.0","30.0","404","0","2881.5000000000000000",False
"A-337bc1","Cybersecurity","US","Pro",30,True,"4","4.0000000000000000","32.5000000000000000","425","44","3281.7441860465116279",False
"A-30b4ca","EdTech","IN","Basic",86,False,"3","4.0000000000000000","57.6666666666666667","402","97","3034.1190476190476190",True
"A-ccb686","DevTools","US","Basic",10,False,"1","4.0000000000000000","67.0000000000000000","721","95","2912.1142857142857143",False
"A-00cac8","HealthTech","AU","Enterprise",8,True,"2","3.0","33.0000000000000000","602","69","2954.5862068965517241",False
"A-9f0b68","EdTech","US","Basic",10,False,"3","3.0000000000000000","30.3333333333333333","709","135","2773.1857142857142857",False
"A-3cc791","EdTech","US","Enterprise",6,False,"6","4.2500000000000000","48.3333333333333333","447","43","3239.8260869565217391",False
"A-443b7c","Cybersecurity","US","Enterprise",1,False,"8","4.4000000000000000","29.2500000000000000","618","72","3095.8571428571428571",True
"A-05d3b3","DevTools","AU","Basic",9,True,"6","4.3333333333333333","31.5000000000000000","642","40","3021.2968750000000000",False
"A-8145a0","Cybersecurity","AU","Basic",2,True,"6","4.0000000000000000","23.6666666666666667","693","58","3127.7656250000000000",False
"A-508199","FinTech","AU","Basic",19,False,"3","3.0000000000000000","50.6666666666666667","231","15","3349.5416666666666667",False
"A-592832","Cybersecurity","US","Basic",18,False,"3","5.0000000000000000","32.6666666666666667","1053","125","3230.5247524752475248",True
"A-e351e1","EdTech","US","Enterprise",33,False,"4","3.7500000000000000","17.0000000000000000","295","35","3532.8275862068965517",False
"A-ac14bb","FinTech","US","Enterprise",21,False,"2","4.0000000000000000","24.5000000000000000","531","75","3163.4444444444444444",False
"A-86fc1d","DevTools","UK","Basic",26,False,"5","4.0000000000000000","27.0000000000000000","363","38","3002.9189189189189189",False
"A-b11cd0","DevTools","US","Pro",26,True,"4","4.0000000000000000","38.5000000000000000","278","7","2955.5517241379310345",True
"A-d82ef9","EdTech","UK","Basic",26,False,"5","4.2500000000000000","39.8000000000000000","679","59","2853.2647058823529412",True
"A-1e1b80","FinTech","CA","Enterprise",50,False,"6","3.2000000000000000","43.0000000000000000","682","19","3078.1617647058823529",False
"A-4c56c9","FinTech","US","Enterprise",9,False,"5","3.7500000000000000","38.6000000000000000","623","62","3061.3593750000000000",True
"A-22f2df","DevTools","US","Basic",3,False,"5","5.0000000000000000","44.8000000000000000","429","59","2836.3571428571428571",False
"A-58b9ff","DevTools","IN","Enterprise",2,False,"2","4.0000000000000000","66.0000000000000000","667","67","3088.1076923076923077",False
"A-902ef7","HealthTech","US","Enterprise",83,False,"2","4.0000000000000000","48.5000000000000000","414","57","3646.9500000000000000",True
"A-c16cf7","EdTech","US","Pro",13,True,"3","3.5000000000000000","48.3333333333333333","577","68","2497.3448275862068966",False
"A-88c6ca","FinTech","DE","Basic",5,False,"1","3.0","56.0000000000000000","446","90","3027.7906976744186047",True
"A-f5641b","EdTech","US","Pro",31,False,"4","3.0000000000000000","47.5000000000000000","438","31","3632.0256410256410256",False
"A-bbe56f","HealthTech","US","Enterprise",21,False,"4","4.0000000000000000","26.2500000000000000","232","50","2754.7272727272727273",False
"A-940b8b","HealthTech","DE","Basic",1,False,"3","4.0000000000000000","41.3333333333333333","362","39","3462.4000000000000000",False
"A-e6afc1","DevTools","US","Pro",1,False,"0","3.0","30.0","679","57","2764.6056338028169014",False
"A-bb1486","HealthTech","US","Basic",41,False,"3","3.0000000000000000","11.0000000000000000","405","66","2832.0238095238095238",False
"A-55f257","FinTech","US","Basic",9,False,"6","5.0000000000000000","43.1666666666666667","476","51","2754.1886792452830189",False
"A-1b9609","EdTech","IN","Enterprise",4,False,"4","3.0000000000000000","43.0000000000000000","457","59","2990.2340425531914894",False
"A-c42f1f","HealthTech","US","Pro",8,False,"9","4.0000000000000000","31.3333333333333333","337","52","2810.9428571428571429",False
"A-6f8ad2","EdTech","IN","Basic",1,False,"4","4.3333333333333333","35.2500000000000000","924","154","2971.4659090909090909",False
